[{
  "_id": {
    "$oid": "6497095b5c1e0f4dc9dd930d"
  },
  "question": "2 + 3 =",
  "group": "math",
  "level": 1,
  "trueValue": 1,
  "answer": [
    "2",
    "5",
    "6",
    "9"
  ],
  "__v": 0
},
{
  "_id": {
    "$oid": "649709b415ded95e97b7e1f9"
  },
  "question": "5 * 9 =",
  "group": "math",
  "level": 1,
  "trueValue": 3,
  "answer": [
    "20",
    "56",
    "14",
    "45"
  ],
  "__v": 0
},
{
  "_id": {
    "$oid": "64970a8414520300ab716996"
  },
  "question": "Площадь треугольника",
  "group": "math",
  "level": 2,
  "trueValue": 1,
  "answer": [
    "основание * высоту",
    "1/2 * основание * высоту",
    "основание в квадрате",
    "произведение 3 биссектрис"
  ],
  "__v": 0
},
{
  "_id": {
    "$oid": "64970adf49bddeb8c4c41e63"
  },
  "question": "производная от 4",
  "group": "math",
  "level": 3,
  "trueValue": 2,
  "answer": [
    "4",
    "1",
    "0",
    "16"
  ],
  "__v": 0
},
{
  "_id": {
    "$oid": "64970cc2f8d73ea1c8430324"
  },
  "question": " путь =",
  "group": "phis",
  "level": 1,
  "trueValue": 0,
  "answer": [
    "t * v",
    "a * t + v",
    "(m * v^2) / 2",
    "m * v"
  ],
  "__v": 0
},
{
  "_id": {
    "$oid": "64970d715a659122ee1fb5af"
  },
  "question": " Импульс = ",
  "group": "phis",
  "level": 2,
  "trueValue": 3,
  "answer": [
    "t * v",
    "a * t + v",
    "(m * v^2) / 2",
    "m * v"
  ],
  "__v": 0
},
{
  "_id": {
    "$oid": "64970d8dd4a4d3fd456f7f3b"
  },
  "question": " Кинетическая энергия = ",
  "group": "phis",
  "level": 2,
  "trueValue": 2,
  "answer": [
    "t * v",
    "a * t + v",
    "(m * v^2) / 2",
    "m * v"
  ],
  "__v": 0
},
{
  "_id": {
    "$oid": "64970e46d3a7c98a688d5475"
  },
  "question": " распределение Максвелла показывает:",
  "group": "phis",
  "level": 3,
  "trueValue": 2,
  "answer": [
    "коэффициент равноускоренного движения",
    "Среднеквадратичную скорость",
    "распределение скоростей в молекуле",
    "распределение форм кристаллических решеток в резличных метталлах и кристаллах"
  ],
  "__v": 0
},
{
  "_id": {
    "$oid": "64970ed2d99a2ac5b500f803"
  },
  "question": "Question",
  "group": "engl",
  "level": 1,
  "trueValue": 0,
  "answer": [
    "вопрос",
    "ответ",
    "дума",
    "разум"
  ],
  "__v": 0
},
{
  "_id": {
    "$oid": "64970ee3ec606c3eed6d9886"
  },
  "question": "Answer",
  "group": "engl",
  "level": 1,
  "trueValue": 1,
  "answer": [
    "вопрос",
    "ответ",
    "дума",
    "разум"
  ],
  "__v": 0
},
{
  "_id": {
    "$oid": "64970f200c1295437a3b40d4"
  },
  "question": "Description",
  "group": "engl",
  "level": 2,
  "trueValue": 1,
  "answer": [
    "заголовок",
    "описание",
    "решение",
    "задумываться"
  ],
  "__v": 0
},
{
  "_id": {
    "$oid": "64970fd8286ae0c3a4a7e93c"
  },
  "question": "Draft",
  "group": "engl",
  "level": 3,
  "trueValue": 2,
  "answer": [
    "дрифт",
    "зубрить",
    "черновик",
    "задумываться"
  ],
  "__v": 0
},
{
  "_id": {
    "$oid": "6497488940db6bc4183449f7"
  },
  "question": "Title",
  "group": "engl",
  "level": 2,
  "trueValue": 0,
  "answer": [
    "заголовок",
    "описание",
    "решение",
    "задумываться"
  ],
  "__v": 0
}]